a,0.9288022863299731,0.5420453602094097,0.1697818578077335,0.0,0.023765614048361385,0.29784884203579765,0.2128537056360668,0.2981893115685032,0.3472659630996879,0.5316007917668022,0.4299191454915284,0.48863752990054576,0.5289547970650966,0.7577730910675436,0.6819657281687047,0.7018040331628533,0.7325156460111647,1.0,0.9170686974343238,0.9060128951084125,0.9335250751257232,1.0,0.968103245057189,0.6956529665247725,0.34113782875678256,0.05386116020773898,0.24987139419173213,0.03710856425628126,0.34742971731867106,0.4059572515341023,0.20089159709031323,0.0,0.39342460242208477,0.39179143962022783,0.1941039344471836,0.013801210518540715,0.40712984314806067,0.42892001504504607,0.20156778599993505,0.0828516858099861,0.3703618878389719,0.42446391546276613,0.8542320510899439,0.3219931741428558,0.16584258320487713,0.013326436798044542,0.0,1.0,0.3587713610068218,0.1015592941906656,0.006636379565187188,0.9829335602374495,0.28647855345873235,0.2353692321979296,0.3923359224906713,0.7962737528936334,0.02574547632793828,0.309516786677417,0.7160175058778766,0.5554119648209412,0.1507558706412558,0.3989355229131956,0.704554198367809
b,0.8416298265636456,0.4238204243571748,0.16613975480743304,0.08341204215877902,0.0,0.3364386880113341,0.2941235845165165,0.28100143862242066,0.27529213363592503,0.5633751801921953,0.5187607586947744,0.49056550833511886,0.4643674944211476,0.7753624614290316,0.7428342173500487,0.7160305827513982,0.6852015018809952,1.0,0.9815435092184068,0.9579727667463958,0.9281720021047323,1.0,0.9227082314479482,0.7466600720182021,0.5774451924937027,0.4535785257934071,0.5055832644569214,0.30623343088267824,0.18659852084489856,0.07942951414574795,0.47060825543383816,0.2526025951673602,0.11726083659051294,0.0,0.47529193552007637,0.2726146461223694,0.14597812617990527,0.03558139048045175,0.5124236064538438,0.3493047244636657,0.2465428160746322,0.15206554831719182,0.8566737802402866,0.4097581695924926,0.31602036223932733,0.22105468465057831,0.15472726507543583,1.0,0.6778918243264244,0.31767216487935496,0.04419072495997484,0.8956217974328504,0.6647902672737656,0.3429243386884435,0.09191210392464957,0.6712912978027487,0.41924282887744224,0.20553868450957644,0.032512450639636224,0.3729818829134517,0.1447848940961922,0.06431799202556225,0.0
c,1.0,0.679391608502287,0.3924117820171313,0.18781446210879968,0.0,0.41991688738509053,0.2671836374992631,0.13145734715378174,0.006681649599839619,0.5022551241195634,0.3277619851423069,0.15491646418374783,0.018074711437469308,0.5871669755233647,0.4046382867158131,0.21657563823694093,0.07092705408054405,0.6632101783019511,0.4771697211711002,0.3144291931396883,0.17598478034932805,1.0,0.9916814497532885,0.8720002242676005,0.8278617622715573,0.8335343650782526,0.39922511441579145,0.15978334929302715,0.0896429735012104,0.07494004431336337,0.3502412415126166,0.05406360242824377,0.005017303817984963,0.048577114380236826,0.3383458965353733,0.04585171604029569,0.0,0.033366711372042515,0.3639925376323427,0.1473051820516178,0.07305899981436387,0.055551289760919116,0.5093880771711802,0.6244788507696861,0.6267513937160133,0.5261797078092215,0.4232182650777906,1.0,0.8983761878575621,0.7341509513786275,0.6101362574715621,0.7525470743465036,0.6212351401399911,0.4566039657215133,0.3569868217757284,0.4555910055221788,0.3374220840127035,0.2398126555531691,0.18829704635273567,0.14586034349815633,0.0658007714014384,0.026013503657720247,0.0
d,1.0,0.5366210728701984,0.3378902924990096,0.14702930315154714,0.0,0.8463660106355941,0.7886153476254677,0.7241454289617023,0.6524737720697453,0.9342988632613725,0.48847528244997873,0.18663523268488644,0.06565434076985824,0.92421433199158,0.492062032090739,0.17283606968726578,0.023432677947722448,0.835431487071,0.5837167778877752,0.3683984402419513,0.23927101562581943,1.0,0.8249268156061099,0.6630665829318579,0.5608191288486083,0.4508334730597711,0.4232983476989213,0.21036236914784284,0.09806918662422714,0.0,0.43178384292867233,0.25532410198265404,0.3174375562743856,0.3892530586097799,0.4752926734452062,0.29255608665853106,0.3442692299530263,0.41850291303387643,0.5353680067889559,0.36644072571307706,0.3226813204136711,0.3318006567414644,0.5727343505220949,0.9000280388435452,0.9189334544779859,0.7970665583124731,0.6561532625224757,1.0,0.9911771645000965,0.9619108606715269,0.910705221219464,0.6818289820859605,0.5734182342657947,0.49854613029286143,0.45311803651968835,0.36304433034396166,0.26552336015528544,0.2781130050921437,0.292288493579806,0.05882909974277308,0.0,0.015568223075467406,0.02899146306207903
e,0.5725749033325829,0.1561502247532909,0.009381996482122403,0.2928779058980112,0.6790706074152506,0.17105246882274794,0.09877665930270817,0.0,0.018302859079562913,0.4238997973880625,0.37852016594882504,0.2349724531877364,0.24752301340108504,0.6794575244729987,0.6992556052258542,0.5321583984998305,0.503879808322675,0.945011763367069,1.0,0.8429720375735056,0.7401208744721328,1.0,0.8220056604010317,0.5513176506973009,0.3808276849631116,0.3821727186529099,0.321292610861198,0.05300519584339047,0.14208913412549834,0.3112748840194616,0.29433710590203294,0.0,0.08400272705600975,0.25544185037007366,0.31441712518174536,0.013106847768648665,0.055182881075362136,0.2081448800647741,0.3625481320660301,0.11107457510736887,0.08103190456737887,0.1835338350642763,0.953354906196066,0.7225107491793449,0.5684630474518284,0.3308898293241322,0.13794461343262487,1.0,0.5298171252332389,0.1671861581394565,0.0,0.886183314638863,0.47278731034630117,0.22785645731530854,0.1679090335615304,0.6862113695107352,0.4018898813503972,0.2581080564082082,0.25338589227508523,0.43520279164737313,0.2913054781776151,0.23265227830086807,0.24286665547895067
f,0.892058390481599,0.545388208326357,0.3196636350612161,0.12383078359722512,0.0,0.5692916606972405,0.3362652565587452,0.14500441018329446,0.04671557856253916,0.652435266967123,0.45730925309964254,0.23334832162750435,0.030934717204547928,0.7643330957070188,0.7125561629506629,0.5518692790601736,0.37625422678526116,0.8780498014122943,1.0,0.9349938119345946,0.8059364001512063,1.0,0.9018310942584365,0.7841993112659406,0.6936977897763514,0.576660697675343,0.4971581683213713,0.36522814184967695,0.42265319026070935,0.5027884852278797,0.449926127369149,0.2527021371982848,0.16013188916239307,0.08976052882859632,0.43999734174287247,0.20888454802969242,0.08584740976482723,0.0,0.46464096130164784,0.2835076553551503,0.15896035926359026,0.06395542105586503,0.6489144140549173,0.7321139751050204,0.6763265213006256,0.5163812986494782,0.36895965139541115,1.0,0.7110598104691793,0.39639611488948007,0.2182669039129043,0.7934681481642956,0.6541651713763061,0.4775559021023991,0.3362328625767083,0.5234909406025872,0.40698765025048755,0.2720048294355304,0.15977844591314172,0.2378741941759121,0.14229330421107728,0.06508536338884112,0.0
g,1.0,0.9719712067008616,0.8327553821187333,0.6458808477631138,0.516886815373621,0.5516727810508951,0.2619991673322546,0.10893673838866678,0.0,0.4709582780260027,0.3949229592337177,0.47887349031471566,0.5765591204786629,0.4653190084081392,0.44240544554255573,0.5130507487953512,0.594734955871697,0.47294934192885846,0.4712805627180973,0.5492805831429194,0.617746130386839,0.9043584804965292,0.49547993699205384,0.2551053610307302,0.08206083258389826,0.0,0.34134887233873606,0.31431159386835916,0.3246401326638585,0.3361209855979199,0.5763450589914666,0.5190619350382905,0.5313113667295146,0.549223203617971,0.8032514094611639,0.6985671786216181,0.7236623276376267,0.7641203725077051,1.0,0.8898723775158397,0.9055292612078246,0.9275391999172697,0.2478313449606416,0.5707707928398729,0.6904455828842615,0.7908601393043926,0.8577345873110902,0.01705066469921051,0.05801859327686872,0.10464470662195245,0.14849441889352252,0.0,0.36041805757686785,0.7166629790815302,0.8664807300612865,0.05771548581191809,0.3751565566929199,0.6495362510720722,0.7160759650560282,0.1560717981458623,0.5139014547850355,0.8237987937751191,1.0
h,1.0,0.8975076164123474,0.7149922819580559,0.5394076988387899,0.42858439844377016,0.5711714969439496,0.30103877062645257,0.16133398427896609,0.05790631803133599,0.5153567160128367,0.259133016300613,0.10154868018966212,0.0,0.5044651205288301,0.368600674665658,0.44781736406509093,0.5268993216563185,0.5232793722117194,0.45833709201524325,0.5297757296133933,0.598735766533006,0.8389322325863405,0.3086168519760309,0.12089371447233342,0.1645967429988663,0.2954263587680307,0.0,0.034377731288706505,0.059120981784939415,0.09868362759309303,0.28908260822428256,0.3140121719274717,0.3344362218572696,0.3603134130785982,0.6143086401411268,0.7423012625664377,0.7708063801565727,0.7562795715331623,0.9345890736405628,0.9751753713214184,1.0,0.9846353173280652,0.14257326848570023,0.5909875206992753,0.8035434393362297,0.911337971239776,1.0,0.46288057302876107,0.5377556515992165,0.6010278864282388,0.6678778818054393,0.25559312372583204,0.34409428188529095,0.3348202565631556,0.33595611852414436,0.11590531480417979,0.32547220193517284,0.4665721193618529,0.5682488710430056,0.0,0.27714239541011854,0.5184951696885959,0.7142554274750899
i,0.6568990331223945,0.23614229829541442,0.0,0.08361289461149649,0.38550227094056266,0.338304024869292,0.2673572996413313,0.2501736425390198,0.2761637473750341,0.5573332785551571,0.49494393154097427,0.4294793034783714,0.4279844584043203,0.7686092805357305,0.7264014119074916,0.5974069380839707,0.5427601439125398,1.0,0.9813724244093265,0.9256488967118972,0.8786958685700371,1.0,0.8518952603861908,0.6022447337624341,0.38037229373902864,0.31827859859567,0.51371079578701,0.33890462258630777,0.44898800468110006,0.5322995904037449,0.4911366296079579,0.3114130339379754,0.47135327677004096,0.5893120245757754,0.47533001755412524,0.2590784084259801,0.4034789350497367,0.5527138677589234,0.47616617905207725,0.26580046811000585,0.1255194558221182,0.0,0.27359875325168664,0.14986067334674583,0.1470755886808074,0.040957574052910485,0.0,1.0,0.7193108516867309,0.4613709144631532,0.3432599913843612,0.9285223899146566,0.44931206880923835,0.09689487752617164,0.03453277914155719,0.7656732205949276,0.3527297710034229,0.2729320384018358,0.41708430010082725,0.5830602477977325,0.4827704511623169,0.44873237041266295,0.4898453670383601
j,0.16225643941105222,0.0,0.06449650267324307,0.27635328292979394,0.4793730104842308,0.23596988450627032,0.36149375803597017,0.24084711450344423,0.17315254715727402,0.3963450124140178,0.5497858338727746,0.39395619198808624,0.30356585200327524,0.5341130745708351,0.6855495820388668,0.5368814549512458,0.4401474183162905,0.6374166971424841,0.8196275695730758,0.9089155038864499,1.0,1.0,0.7167826225965426,0.40609072091471204,0.24402266992250213,0.1648998216802548,0.2394714626570604,0.0,0.0903695886278449,0.20653109235845155,0.28885041249896365,0.041026275251848585,0.14790901433108108,0.29028961270307174,0.3614962185495592,0.12010066156488058,0.17625621977713926,0.2797364550511026,0.4480829367745884,0.26880769454510145,0.12588970926048837,0.005923257008085081,0.6195873049425001,0.4136137915367845,0.3373098396135638,0.19364790131828533,0.15383007180708622,1.0,0.546257453015327,0.27702597181928657,0.19522470802192546,0.9121517052398407,0.2674553716808091,0.0,0.04072397795877625,0.7242927442161775,0.2550279890207175,0.25817918267674916,0.4369725698450309,0.49619629622226985,0.2689703053450224,0.20742693282833446,0.23932716687151473
k,0.6858872256037974,0.4155605190136073,0.25150590953190705,0.15275750848189573,0.0,0.4755376743630825,0.41438317688102644,0.3758977818921035,0.3509003273385631,0.6692575605611452,0.7416026599037763,0.7806106028670504,0.8338089709725478,0.84563651960813,0.8566901940039814,0.7150834964954761,0.632665158514021,1.0,0.9565875569214493,0.8262200295622886,0.7452882908292537,1.0,0.8787103549216629,0.6748791025852451,0.5186394224066636,0.4367353564946967,0.47559977825364047,0.2856142049270297,0.17100779443388672,0.06556348332604735,0.48689446937765846,0.2602764344731694,0.12042005554351505,0.0,0.5522400412566669,0.42860966019591157,0.5553476569198887,0.6540012427995149,0.6480528103431188,0.5643487002628303,0.6444477869984747,0.7178956138882641,1.0,0.8296418843818849,0.7532274029661218,0.6271302016623563,0.5031936021092349,0.9154056664160157,0.6665873477341283,0.5051040078764479,0.38796985527156336,0.755604489715214,0.4415353359391901,0.23091409968838983,0.11727384452931315,0.5620047519404597,0.0939913240128426,0.05595703640137799,0.15850280398674507,0.3585340429268707,0.0,0.041999339179486686,0.15399607761480258
l,0.8348259817903537,0.5901483872083019,0.36602931574867126,0.16594859970293305,0.0,0.5581773864756077,0.4812155012040919,0.46676958959813514,0.4623468290029906,0.7171510294287777,0.5117993029431437,0.5262015986298219,0.6063325527679487,0.8644645946445502,0.6534018422406881,0.6606216066349387,0.7285901021117818,1.0,0.8118704447626988,0.7806576695535619,0.8203186355663886,1.0,0.9226375477566736,0.7854165638687223,0.7350929094911257,0.7663387126214206,0.4761583184370433,0.2662371223389316,0.12358570808074863,0.0,0.45418254791010043,0.48045720379538714,0.6557891235677545,0.7187335590517059,0.48688793028237054,0.5573578500245806,0.705619347812095,0.7425443498934784,0.5483818806587885,0.5974344684006111,0.710011990762941,0.7467599212459691,1.0,0.7857923015062294,0.5613548971098307,0.2895522951976763,0.0,0.7739662036013403,0.4432045735898579,0.22363498787762545,0.04701455610084937,0.6412190360382508,0.12283118900497313,0.03970746606285914,0.09003338203599487,0.465022510565466,0.035587145968299316,0.18749909977530357,0.3825217372676318,0.2502455387612648,0.039040035628189584,0.19585536816155444,0.36611220538789596
m,0.6168616589486272,0.21660365653190664,0.13150087678483713,0.4397830913372621,0.7109694661138537,0.11543664057697152,0.009956335726292788,0.0,0.03445274067084948,0.4017821694063223,0.26958444416507144,0.23110830010018546,0.2545354552433634,0.7002169173031403,0.5749401544126319,0.4755470130776811,0.43271697022560524,1.0,0.7992095759852111,0.66143447097192,0.5986148570855836,1.0,0.8002552384642542,0.48246289261112335,0.28572371064769,0.1469994773798136,0.3039519074404403,0.04080898745686905,0.20058008293730126,0.38630669383535765,0.27868111402149454,0.0,0.18024710954722162,0.3745845884310574,0.3112613599643688,0.013913560872352586,0.20047886173471285,0.3800554629748534,0.38735209852832425,0.29679395808012626,0.4567137632818937,0.5848870829010687,1.0,0.8143405150924595,0.6732847756358042,0.4947846167318043,0.3394902264308873,0.9445527024444144,0.489187591771337,0.1606068450988181,0.0,0.8138937093177107,0.38476029345347074,0.1259250718295545,0.041521025770805534,0.623115968181902,0.23055930706904482,0.12038848852544935,0.1178817067100792,0.4183837157773999,0.10834602274212264,0.07558268997252675,0.1048719192622928
n,0.7154866882993428,0.2399311020171129,0.0,0.06175040974843249,0.1644218361964284,0.0993297360079367,0.014544032339385775,0.017137089307133795,0.07238041246938924,0.40596279647194133,0.3453328678242173,0.31473716594823864,0.32491630959253304,0.6866608428645008,0.5993719577506034,0.534345535828482,0.5574272489744561,1.0,0.856566567392074,0.7905520085450881,0.8033168018338557,1.0,0.8393937184068412,0.5662280886930555,0.3050850352538392,0.13144462057503867,0.30415753495637887,0.03190654758020872,0.14060735628831,0.3117828808738807,0.2835034294289914,0.0,0.27190919593611707,0.42389047321130424,0.31760772859341596,0.20174503625177037,0.4829081250791628,0.584897462567984,0.38300235281474176,0.2756119045517178,0.4724210195018788,0.5476665681529445,0.7140314351537738,0.5659982580236985,0.5689100516405564,0.5171142047229179,0.5533789560447432,1.0,0.4359235440805362,0.21695662553048997,0.2212876769184438,0.8829014631532756,0.22524401810956604,0.19761846353741427,0.43894241565757236,0.6537225204086813,0.0,0.25530139057125106,0.6789696635133667,0.40648124084180726,0.08997309718068658,0.3511504233536887,0.6828288396742246
o,1.0,0.5251251213642628,0.3075390194756273,0.13218817541313285,0.024173487124017963,0.7409972929095586,0.48776124213727656,0.2034564344316593,0.026935945375700255,0.860927924952888,0.5170142315046796,0.18361992766591062,0.0,0.9231959486582204,0.5636724875372991,0.2095948460478259,0.027648311578397852,0.8948940991756128,0.5624331384254582,0.269080637283497,0.07733301167272087,1.0,0.8517783492512967,0.6407001115677138,0.48578024276794884,0.32356994643467035,0.3073316997288356,0.11240571371946849,0.12294678958054568,0.20056290613344208,0.26508844706432205,0.02668926264409249,0.056450499064758866,0.165077670586095,0.2580254727762042,0.0,0.053162092414488465,0.16906225760263377,0.27513920671570613,0.034771350321627745,0.042343790973538735,0.13320097445378476,0.1858920655596774,0.5060318143130724,0.6319632995959492,0.604775882062435,0.5806580997363655,1.0,0.9300886412804575,0.7668924585301683,0.6754245720461546,0.7046452445097721,0.6765334595978775,0.5231481614688556,0.4283200218426491,0.36690036500815,0.3031960197494399,0.23334746587276778,0.2061249221915178,0.03687736301883033,0.0,0.032111649104618806,0.07301528031254731
p,0.9157808897048583,0.652659099544223,0.5149213215292203,0.5016623813537883,0.5599501111886303,0.3707039356764062,0.2134951192912984,0.09782514975960453,0.0,0.5151253489548016,0.5494727028043664,0.5824234478676765,0.6043974542683264,0.7027844690280999,0.8382574162863787,0.8697243829512662,0.8566448353110202,0.8927169473201819,0.9862126730087823,1.0,0.9713186709413465,0.0,0.13051441465088331,0.3269075444892636,0.49887874932172926,0.6205187932489551,0.4082924997675341,0.6314800014595326,0.7607311552554359,0.8683360267989034,0.4066940172107153,0.6987952970090173,0.8692543553514825,1.0,0.3887584202677301,0.6400315682796465,0.5763507445382285,0.49438209388797144,0.3647255666576819,0.5636166749255815,0.5102015449859756,0.4374306574841658,0.8653582944705576,1.0,0.9372615397520832,0.8392270345145282,0.7119644850489226,0.512865341207056,0.27280669888908715,0.13328591103504608,0.047054071936364565,0.3483549403610833,0.1390752784207208,0.06614209446648309,0.0,0.2290261677101558,0.07310889714990403,0.18640532401177445,0.28859401963766557,0.12391722074869853,0.03583656898021312,0.1708311241509085,0.2985491723253972
q,0.5834800970023328,0.2586340374915861,0.06555956146093628,0.043443029570958316,0.0,0.6070077730956838,0.6078162488128279,0.6076141298835419,0.6335653889775106,0.8288443628919973,0.6181357479414666,0.41204820610229503,0.3481347336585186,0.9427966547104222,0.6869826926446044,0.50441102433357,0.4579801016127099,1.0,0.78484771924648,0.6556055730237619,0.6244327853131829,0.0,0.07900456981087224,0.307366401911761,0.5619158016021227,0.7770011475289641,0.19900779142176434,0.5693977210331346,0.8146693571195605,1.0,0.267929279863768,0.6800503699542645,0.6440983138452211,0.5194540864800324,0.3573283024548896,0.6895959214677971,0.6214953830798651,0.5154144990671177,0.4411537343032489,0.7058883349904409,0.6528280977483641,0.5739307450510424,1.0,0.6482721775722731,0.4453760014856354,0.3332621600543626,0.2427634961553234,0.32929786422407625,0.11942526883851595,0.03623651773540328,0.0,0.48883745435046444,0.30175696920653533,0.3438338281788198,0.40242210284464375,0.6411809268206351,0.4878099101467164,0.5541203110357423,0.6308103034193628,0.7714340323870795,0.6756738877814552,0.6889992388541025,0.7169867648481795
r,0.8191805955429635,0.3602890107973651,0.061336009472553764,0.0,0.17863841218459242,0.2139228590631269,0.14225403537113585,0.15651232971993345,0.1910481919232405,0.4449224235785815,0.26356146808265435,0.11150801056993402,0.009557202985771791,0.7090336016611645,0.5308648396713163,0.3933338228709956,0.35010407774673974,1.0,0.7794388062624106,0.6219795271270157,0.5568419517458647,1.0,0.8856060173461162,0.698619256203593,0.5055681675312603,0.371605274270238,0.48417410130584804,0.2744002517439123,0.143888727818315,0.02147114319233926,0.45789894315101914,0.21020984296150047,0.09736450690224852,0.0,0.4681900048942036,0.24301620184803363,0.3971666433434297,0.5430593110323976,0.5072180312557517,0.36261000010538347,0.46998667021866086,0.5944777355399812,0.7056761828722431,0.6088570613323185,0.5270381811678652,0.34126809826729376,0.16414119264492122,1.0,0.7823448087884112,0.608889591142965,0.483879329938909,0.8319361646651839,0.550707773413754,0.36596471879556497,0.2733494558581964,0.6042314218319705,0.12199433115883178,0.06752231026641996,0.1783540914477334,0.36621019696152385,0.0006467011286929096,0.0,0.08915918105180336
s,0.5931157353965404,0.14164130986109677,0.0,0.19769863141930788,0.44424258488318913,0.15729545948261434,0.08491498580849842,0.0024134964512342967,0.0269518974487857,0.4706786127279378,0.5378530768772897,0.35840117052542897,0.30747558140895487,0.741797088236596,0.5524907497050539,0.35834469959244264,0.34701032197080506,1.0,0.6881329132438583,0.5768627903865104,0.6327389979614502,1.0,0.8197428629929677,0.4966160272475644,0.253653912573027,0.0813199202729444,0.3049208312160785,0.059360149037380114,0.18179751111741901,0.3397097833612903,0.30076121890076796,0.0,0.10414566366133124,0.24236795409867443,0.35136301298738504,0.2116307848258176,0.4311752741960318,0.5609004417670552,0.42700898866236475,0.3717674360616163,0.5326765530125349,0.6096810169073311,0.7712077412686734,0.6240162902981583,0.5301407478907595,0.3632259861414768,0.2526732501839232,1.0,0.4772441634969831,0.16284448928997683,0.05121557944170987,0.8504208591817499,0.25222719781386677,0.0,0.010887802119664726,0.6160431811896049,0.10292795429041293,0.18228779440283227,0.41490464037777464,0.3595371132626735,0.11428486200649965,0.26346284101995776,0.471461110893152
t,0.6429536976335377,0.2629095393632689,0.09196655972430917,0.17290018225232043,0.2628121557905101,0.17009263456959361,0.0,0.040998069733268465,0.09296608813917812,0.4677134088477327,0.3569596931464342,0.3169524494662137,0.2860756409289481,0.7491278990260813,0.6168072443432576,0.47956934083338787,0.3803002563467154,1.0,0.8652389544236592,0.7470998343236068,0.6803419448038197,1.0,0.8505587400054977,0.5136251477451871,0.22828228932990957,0.0,0.2403752552854257,0.03973366535866568,0.20555422937287787,0.3944270523975629,0.21776493077411738,0.10183535909396262,0.36468588439027627,0.5440140313350329,0.2608680480845211,0.2689098056051286,0.5501453179599279,0.7057460187076504,0.34223953634757687,0.35315088206884043,0.5451123836018754,0.6386074660994434,1.0,0.7675338514902765,0.6680018639083485,0.5455759898350461,0.46976746131025754,0.9717872200173497,0.43592852780115804,0.10909154433676566,0.0,0.9126646542941635,0.3731321565524541,0.2061399789973011,0.24003118629886652,0.7665400494847086,0.2448286370786784,0.2745449838592024,0.44901116600900054,0.5989706169259277,0.31909962746818255,0.40551545796835653,0.562402960148436
u,0.6457367558326297,0.22302205792503366,0.0,0.14780802328538356,0.3620232039199411,0.08154617941150244,0.051478399482155615,0.06524519997666177,0.10021565840765054,0.39059931900821354,0.315618666616761,0.27152813632165357,0.26010396518641404,0.7109632411950492,0.619711883009442,0.4829185110652909,0.41654327864629487,1.0,0.8152603367970048,0.6778180080825116,0.6262449346694834,1.0,0.9201312264334702,0.727484681029301,0.5594389079773938,0.4519181196890322,0.5194049205728628,0.29690706948241613,0.16492224178335552,0.05014153283147947,0.5104374942761604,0.2662151438502602,0.12315843448742987,0.0,0.5484555279158343,0.4303136176014869,0.5830426281361412,0.6944899123282092,0.6171739131445392,0.5678924090147743,0.676773437292983,0.7553057959891051,1.0,0.7252800831492389,0.5862528251540462,0.4232715351791595,0.2789998033559281,0.7914072052456058,0.4858220624674568,0.3000447853273588,0.18791732530098826,0.7093010659201507,0.33828613351529324,0.10722715106475371,0.0,0.5957305376857456,0.11199534757528261,0.0966066875244857,0.2293927711062154,0.4604531636239669,0.10906116040729871,0.16153399156521622,0.2932133350856361
v,0.626317924386249,0.32962514250945707,0.22452768294219416,0.40975771087558427,0.5968211556249367,0.25991458651514826,0.12536798937978041,0.049355135103574796,0.0,0.5416538625824711,0.6121238288104186,0.6726811291358472,0.7390041085745367,0.7899475903225708,0.8301525427374722,0.6856556356920505,0.596079030904962,1.0,0.974813470101439,0.8216392351966861,0.7068011966184926,1.0,0.8932584689809802,0.7157526260079327,0.571805623478157,0.47223368861640014,0.5080227203240146,0.30534073276246576,0.1763728573219668,0.06269527798816472,0.5107042679670657,0.2725510164927889,0.12413820577285492,0.0,0.5741538106595674,0.4649913592675064,0.6087112660927686,0.7131876078869566,0.6698676602959136,0.6093766183807235,0.7054278366250235,0.7807397327299607,1.0,0.6914374330413136,0.5191663754800541,0.3378334914507522,0.17940238178482432,0.7143626811797159,0.4285973884670606,0.26651658143775503,0.165593674722435,0.6474839112089916,0.29865036713812737,0.09622159286073415,0.007656765691434166,0.5466357840012529,0.050073618265830414,0.0,0.11181680954394332,0.42792894683293375,0.04435861705284882,0.06950507115331397,0.1854217653673838
w,0.5882192041275781,0.2989231653407888,0.20218607806619163,0.5043531430003586,0.811171511414361,0.22236894982693728,0.08907004178567879,0.03279549215924362,0.0,0.513819090048786,0.4933851585219883,0.4989400178896288,0.5139124272423613,0.7492245666950423,0.8298808654432004,0.8589882421063093,0.8837079064381058,0.974646852678475,1.0,0.9346881630289647,0.8718916770014562,1.0,0.8925406364231391,0.7050986550232986,0.5690404953035587,0.5225245033068275,0.49264783442818133,0.28750436968916515,0.1715267358072577,0.06479997466268211,0.4771054186195942,0.2427259479332146,0.11603757800492039,0.0,0.510469206013383,0.3062480498601295,0.18712504910589106,0.06392358187231449,0.6018391569147759,0.4484071292608415,0.5046198250376188,0.5974994398111096,1.0,0.5648479025383618,0.5276035555938755,0.5732273798311641,0.643736673166401,0.8147893230449996,0.6977509975563175,0.576777896317387,0.47307844610268873,0.8105045566796186,0.7631903531830095,0.64668445849211,0.5478327257245008,0.7296995122441945,0.4839579494878031,0.19127293060613876,0.0,0.6174608421632546,0.4387202512891879,0.46154646053112747,0.46890457504079447
x,0.5109985406977764,0.24903645138224562,0.014598087904936883,0.0,0.23429340742198385,0.24903138571364555,0.25430474672631165,0.19545804359981997,0.15608416023878782,0.5498494911925558,0.6185173567341244,0.4570807331191465,0.3928180509255561,0.7969812511811776,0.7676977900046565,0.5859232862940543,0.553426242891016,1.0,0.9368124085500693,0.764650985175126,0.7118324276827099,1.0,0.9263018787951649,0.729016987958936,0.5583156656196261,0.5194966411372182,0.36901078144585125,0.1663449424874595,0.06287523798074253,0.0,0.3914170990474665,0.3353372654672301,0.5162468599661656,0.5712384104441924,0.47417545635829533,0.5521387692152014,0.6898636067440038,0.669140763599853,0.5892348303331182,0.6899681744089929,0.783339695074194,0.7568135413697286,1.0,0.6406377755277191,0.41167449883473495,0.18399592378974425,0.0,0.7873428982787818,0.39746726732122134,0.18295550773236288,0.052979225704634446,0.7521867162307433,0.22972552566313592,0.1573581217415963,0.2499193211658633,0.6400598842510371,0.20873255035894367,0.30857128349729207,0.48854060317340237,0.4786863392896906,0.2634592142516248,0.32965167306275744,0.43652204495348584
y,0.6562575260998906,0.37660689208876075,0.21782374803123136,0.11376849828355678,0.0,0.4744004267274016,0.46186806696006366,0.4390893120386345,0.4297093457975834,0.6162494684948431,0.6067896615779617,0.5531679808424399,0.528010026308028,0.7531783286142416,0.7672276612223555,0.6881530881926934,0.6493636514292663,0.8876996246700335,0.9594871602273674,0.9813432826021127,1.0,1.0,0.830386404928998,0.651308052564062,0.4690298872895447,0.4129877745068441,0.39592994261013864,0.23080085006562023,0.4051100783285427,0.5389083766091513,0.38897804505771294,0.23592022374868102,0.46164560783599945,0.571277541380287,0.41000282908863644,0.24642381865308288,0.43931776146065055,0.568745530405852,0.4596451603510935,0.2520995901480453,0.14109912195489557,0.0,0.9078012707316961,0.7861850052997745,0.6879141277781824,0.545851514340527,0.5050286763427879,1.0,0.513158937005249,0.2545289591783706,0.1684624652139887,0.9483498748364209,0.29421787383638226,0.04470815802699469,0.0,0.8537050027433464,0.322544448920242,0.456329827565034,0.7001595002183103,0.7462909618693798,0.4632486117089937,0.5085154967577097,0.6264603825854399
z,0.4712789590606157,0.16444461386617898,0.0,0.006013297871118948,0.17791379485344738,0.369530082793646,0.4783504283435622,0.5700535653349659,0.701584639245759,0.632139384689858,0.4074598328879124,0.2536616910258889,0.32474839724232446,0.8393701308155223,0.5636214079466653,0.39860958848430267,0.46217243876820396,1.0,0.7411218545923675,0.5730296724307309,0.591212400813653,1.0,0.8740344233509032,0.6883002044700919,0.5228601187695294,0.4112726364766769,0.4385946907776582,0.2278746829276067,0.10463812418768999,0.0,0.47378504671436905,0.40367021158576355,0.5765649712076235,0.6246331616551234,0.5386764725643512,0.5358085787437981,0.6863519416846173,0.713781496691072,0.6265046739369227,0.6215920166976096,0.7212990460249895,0.7522086238690942,1.0,0.723882295126595,0.49585450409680043,0.23552932918588934,0.0,0.8056172546986076,0.42678344631426285,0.25797030427854944,0.16022316216553886,0.7466626000722381,0.24597799560610134,0.25824147961968613,0.40211311603285294,0.6221157199719438,0.1613432899835189,0.3959033343047344,0.6831826167715093,0.45567577628130335,0.22832466791557884,0.40557790867232624,0.6165103787283451
?,0.6287955936753399,0.10095947100813298,0.2415566369325071,0.5223342821496177,0.5091716548767196,0.7648249764514433,0.9396241086272329,1.0,0.6152106166869524,0.3409164942350748,0.49282027466483713,0.0,0.16169784674335916,0.41417322743738993,1.0,0.4790859519182286,0.5396861772549107,0.6966376101699726,0.16577066438491,0.15500519430588774,0.17155093992662448,0.3494717668601088,0.0,0.19590674726738816,0.543460005337974,0.7129338615096423,0.7821774904268302,1.0,0.9653264436884846,0.5099350811634539,0.22688713358777854,0.26947817744904035,0.5247522793271328,0.04652173144064364,0.3103373904318548,0.7094898909428005,0.3857502820773099,0.35413844558437774,0.5188382603220447,0.5834905303247653,0.029225410961038426,0.07127461333764241,0.15795395339781565,0.32501375308496705,0.15904328264151424,0.5216731636219833,0.7525472775563603,0.8522042237589016,1.0,0.7776275240940017,0.528109923660597,0.11643835655976534,0.11735989025182565,0.2937128300360872,0.5764691416961958,0.20138980488411704,0.5768153304373114,0.7703912355085895,0.19545588693008498,0.3166344759291345,0.32640719394297707,0.4172259628656933,0.0
?,0.8662822428483503,0.04444447501978989,0.22557496172731134,0.592451130660987,0.4925876190030664,0.43704429358569,0.6368176385498847,1.0,0.36064186391231573,0.055787046824131575,0.2046656502826559,0.4461578943441463,0.3176519042277761,0.0150187898398076,0.4547067932147361,0.4335415082189844,0.6275451298557227,0.7966478576153438,0.25444056831679285,0.14558479191197032,0.0,0.48523624869188053,0.0,0.24352673005689351,0.36094031064567667,0.9235183124519514,0.7811434363791286,0.7357247289382198,1.0,0.14281709642857102,0.3592256045793433,0.0038266036796483216,0.19715230939843378,0.5026843151824092,0.286612699320463,0.6479331288845072,0.4258231314326449,0.48670979769646683,0.401463643828683,0.6214279268326888,0.4279718929883885,0.1396916449913408,0.1563346459329134,0.4657605051536273,0.34930558804186007,0.2926285288152757,0.4262811604811214,1.0,0.7905211231302794,0.5852366326020508,0.240286013445119,0.4437789588613183,0.3282814571265846,0.0,0.14308710477294262,0.3447211120202746,0.5487251712266921,1.0,0.32657294045531804,0.19249332068847733,0.07256172880911668,0.23434497341174795,0.3036819543526202
